Año,Trimestre,Ingresos_internet,Ingresos_tel_fija,Ingresos_movil
2014,10,13683949,12336089.870000001,72607710
2015,10,20108814,14091890.530000001,85950000
2016,10,26867508,18833594.259999998,107676433
2017,10,39671973,25528578.7,138536546
2018,10,59539594,35272511.510000005,166694340
2019,10,86772531,60145769.910000004,231880240
2020,10,127585840,76015448.58,308729960
2021,10,163383869,104963473.95,443035884
2022,1,51432896,24881132.36,130454716
